Name,MedicalRecordNumber,CreditCardNumber,ExpirationDate,CVV
Chelsea Boyle,E147230893937,4706205140291513,07/30,677
Virginia Flores,E148020266079,4993964314094044,01/34,813
Carl Jones,E143389225878,4663447519609229,06/26,906
Emma Collins,E145681191288,4920427936775463,11/25,737
Patricia House,E146812325241,4951676155559139,07/30,0487
Russell Goodman,E143691510308,4482254523747170,06/27,078
Bradley Owens,E144761539835,4475397706544507,09/27,820
Daniel Davis,E148250818177,4488465737423820,06/28,574
Tiffany Hernandez,E149102429583,4822271918392791,05/31,829
Daniel Finley,E147842001655,4235860897968265,04/24,710
